,post_id,text,post_text,shared_text,original_text,time,timestamp,image,image_lowquality,images,images_description,images_lowquality,images_lowquality_description,video,video_duration_seconds,video_height,video_id,video_quality,video_size_MB,video_thumbnail,video_watches,video_width,likes,comments,shares,post_url,link,links,user_id,username,user_url,is_live,factcheck,shared_post_id,shared_time,shared_user_id,shared_username,shared_post_url,available,comments_full,reactors,w3_fb_url,reactions,reaction_count,with,page_id,sharers,image_id,image_ids,was_live
0,5520838394639922,"බූමරංගයක් නැවත එන්නේ...

මේ සෙනසුරාදා සහ ඉරිදා උදේ 9.30 සහ රාත්‍රී 9.30 Dialog TV නාලිකා අංක 121 තුලින්
#sciencewithruchira #gurutv #dialogtv","බූමරංගයක් නැවත එන්නේ...

මේ සෙනසුරාදා සහ ඉරිදා උදේ 9.30 සහ රාත්‍රී 9.30 Dialog TV නාලිකා අංක 121 තුලින්
#sciencewithruchira #gurutv #dialogtv",,,2022-08-12 18:54:03,1660310643,https://scontent-sin6-4.xx.fbcdn.net/v/t39.30808-6/298941587_5520837684639993_185679092408522352_n.png?_nc_cat=103&ccb=1-7&_nc_sid=8024bb&_nc_ohc=eiSPR4z5ARcAX-7D-wT&_nc_ht=scontent-sin6-4.xx&oh=00_AT9PKm9GW11s6TRYhC551ZclxhTUelm-CCGdfuUxdC_2EQ&oe=62FCB6C3,https://scontent-sin6-4.xx.fbcdn.net/v/t39.30808-6/298941587_5520837684639993_185679092408522352_n.png?stp=dst-png_p320x320&_nc_cat=103&ccb=1-7&_nc_sid=8024bb&_nc_ohc=eiSPR4z5ARcAX-7D-wT&_nc_ht=scontent-sin6-4.xx&oh=00_AT-UXmUJ3E2ASAn6at7neymELk8cwj5-OTsKk5aTKpbAmg&oe=62FCB6C3,['https://scontent-sin6-4.xx.fbcdn.net/v/t39.30808-6/298941587_5520837684639993_185679092408522352_n.png?_nc_cat=103&ccb=1-7&_nc_sid=8024bb&_nc_ohc=eiSPR4z5ARcAX-7D-wT&_nc_ht=scontent-sin6-4.xx&oh=00_AT9PKm9GW11s6TRYhC551ZclxhTUelm-CCGdfuUxdC_2EQ&oe=62FCB6C3'],"[""May be an image of 1 person and text that says 'guru.lk SCIENCE with Mk RUCHIRA බූමරංගයක් නැවත එන්නේ ඇයි? මේ සෙනසුරාදා සහ ඉරිදා උදේ 9.30 සහ රාත්\u200dරී 9.30 Dialog TV නාලිකා අංක 121 තුලින්'""]",['https://scontent-sin6-4.xx.fbcdn.net/v/t39.30808-6/298941587_5520837684639993_185679092408522352_n.png?stp=dst-png_p320x320&_nc_cat=103&ccb=1-7&_nc_sid=8024bb&_nc_ohc=eiSPR4z5ARcAX-7D-wT&_nc_ht=scontent-sin6-4.xx&oh=00_AT-UXmUJ3E2ASAn6at7neymELk8cwj5-OTsKk5aTKpbAmg&oe=62FCB6C3'],"[""May be an image of 1 person and text that says 'guru.lk SCIENCE with Mk RUCHIRA බූමරංගයක් නැවත එන්නේ ඇයි? මේ සෙනසුරාදා සහ ඉරිදා උදේ 9.30 සහ රාත්\u200dරී 9.30 Dialog TV නාලිකා අංක 121 තුලින්'""]",,,,,,,,,,2,0,0,https://facebook.com/gurusrilanka/posts/5520838394639922,,"[{'link': '/hashtag/sciencewithruchira?locale2=en_US&__tn__=%2As-R', 'text': '#sciencewithruchira'}, {'link': '/hashtag/gurutv?locale2=en_US&__tn__=%2As-R', 'text': '#gurutv'}, {'link': '/hashtag/dialogtv?locale2=en_US&__tn__=%2As-R', 'text': '#dialogtv'}]",616259475097863,guru.lk,https://facebook.com/gurusrilanka/?locale2=en_US&__tn__=C-R,False,,,,,,,True,[],,,,,,616259475097863,,5520837697973325,['5520837697973325'],False
1,5520834651306963,"නැවකට ලොකු නහයක් මොකටද ?

මේ සෙනසුරාදා සහ ඉරිදා උදේ 9.30 සහ රාත්‍රී 9.30 Dialog TV නාලිකා අංක 121 තුලින්
#sciencewithruchira #gurutv #dialogtv","නැවකට ලොකු නහයක් මොකටද ?

මේ සෙනසුරාදා සහ ඉරිදා උදේ 9.30 සහ රාත්‍රී 9.30 Dialog TV නාලිකා අංක 121 තුලින්
#sciencewithruchira #gurutv #dialogtv",,,2022-08-12 18:52:34,1660310554,https://scontent-sin6-1.xx.fbcdn.net/v/t39.30808-6/299074953_5520834287973666_2821881618998040108_n.jpg?stp=cp0_dst-jpg_e15_fr_q65&_nc_cat=109&ccb=1-7&_nc_sid=8024bb&_nc_ohc=o8EhTwAX6JIAX-yimSV&_nc_ht=scontent-sin6-1.xx&oh=00_AT87rsD-p6AK0tkoxEvDSVfUpBgC-hjjOMOpFpNugL_U0Q&oe=62FDCB48,https://scontent-sin6-1.xx.fbcdn.net/v/t39.30808-6/299074953_5520834287973666_2821881618998040108_n.jpg?stp=cp0_dst-jpg_e15_p320x320_q65&_nc_cat=109&ccb=1-7&_nc_sid=8024bb&_nc_ohc=o8EhTwAX6JIAX-yimSV&_nc_ht=scontent-sin6-1.xx&oh=00_AT8EFcJfbnaZibGHMF1T4CgjBiNumwF0rW6GJtJtgFgD5w&oe=62FDCB48,['https://scontent-sin6-1.xx.fbcdn.net/v/t39.30808-6/299074953_5520834287973666_2821881618998040108_n.jpg?stp=cp0_dst-jpg_e15_fr_q65&_nc_cat=109&ccb=1-7&_nc_sid=8024bb&_nc_ohc=o8EhTwAX6JIAX-yimSV&_nc_ht=scontent-sin6-1.xx&oh=00_AT87rsD-p6AK0tkoxEvDSVfUpBgC-hjjOMOpFpNugL_U0Q&oe=62FDCB48'],"['May be an image of 1 person, sky and text']",['https://scontent-sin6-1.xx.fbcdn.net/v/t39.30808-6/299074953_5520834287973666_2821881618998040108_n.jpg?stp=cp0_dst-jpg_e15_p320x320_q65&_nc_cat=109&ccb=1-7&_nc_sid=8024bb&_nc_ohc=o8EhTwAX6JIAX-yimSV&_nc_ht=scontent-sin6-1.xx&oh=00_AT8EFcJfbnaZibGHMF1T4CgjBiNumwF0rW6GJtJtgFgD5w&oe=62FDCB48'],"['May be an image of 1 person, sky and text']",,,,,,,,,,3,0,1,https://facebook.com/gurusrilanka/posts/5520834651306963,,"[{'link': '/hashtag/sciencewithruchira?locale2=en_US&__tn__=%2As-R', 'text': '#sciencewithruchira'}, {'link': '/hashtag/gurutv?locale2=en_US&__tn__=%2As-R', 'text': '#gurutv'}, {'link': '/hashtag/dialogtv?locale2=en_US&__tn__=%2As-R', 'text': '#dialogtv'}]",616259475097863,guru.lk,https://facebook.com/gurusrilanka/?locale2=en_US&__tn__=C-R,False,,,,,,,True,[],,,,,,616259475097863,,5520834291306999,['5520834291306999'],False
2,5520302554693506,"අපි කොහොමද තව කෙනෙක්ගෙ ජීවිතය යහපත් කරන්න උදව් කරන්නේ

ඒ ගැන දැනගන්න මේ සති අන්තයේ උදේ 7.30 ට dialog tv නාලිකා අංක 121 න් ගුරු Tv කතා කරළිය බලන්න
#dialogtv #gurutv #kathakaraliya","අපි කොහොමද තව කෙනෙක්ගෙ ජීවිතය යහපත් කරන්න උදව් කරන්නේ

ඒ ගැන දැනගන්න මේ සති අන්තයේ උදේ 7.30 ට dialog tv නාලිකා අංක 121 න් ගුරු Tv කතා කරළිය බලන්න
#dialogtv #gurutv #kathakaraliya",,,2022-08-12 14:28:36,1660294716,https://scontent-sin6-1.xx.fbcdn.net/v/t39.30808-6/298920410_5520302341360194_5803709298990075849_n.png?_nc_cat=107&ccb=1-7&_nc_sid=8024bb&_nc_ohc=hju1-jGImiYAX9-cQSa&_nc_ht=scontent-sin6-1.xx&oh=00_AT_gltW75WA-mI1_ppnJOhhakNMPX1NqdEVm2WfzWtQXxg&oe=62FD01FE,https://scontent-sin6-1.xx.fbcdn.net/v/t39.30808-6/298920410_5520302341360194_5803709298990075849_n.png?stp=dst-png_p320x320&_nc_cat=107&ccb=1-7&_nc_sid=8024bb&_nc_ohc=hju1-jGImiYAX9-cQSa&_nc_ht=scontent-sin6-1.xx&oh=00_AT8nIeRYkPc3Exb-QAzU9JOvLh5-b7GrQoJUQPE4qCTtpw&oe=62FD01FE,['https://scontent-sin6-1.xx.fbcdn.net/v/t39.30808-6/298920410_5520302341360194_5803709298990075849_n.png?_nc_cat=107&ccb=1-7&_nc_sid=8024bb&_nc_ohc=hju1-jGImiYAX9-cQSa&_nc_ht=scontent-sin6-1.xx&oh=00_AT_gltW75WA-mI1_ppnJOhhakNMPX1NqdEVm2WfzWtQXxg&oe=62FD01FE'],['May be a cartoon of 1 person and text'],['https://scontent-sin6-1.xx.fbcdn.net/v/t39.30808-6/298920410_5520302341360194_5803709298990075849_n.png?stp=dst-png_p320x320&_nc_cat=107&ccb=1-7&_nc_sid=8024bb&_nc_ohc=hju1-jGImiYAX9-cQSa&_nc_ht=scontent-sin6-1.xx&oh=00_AT8nIeRYkPc3Exb-QAzU9JOvLh5-b7GrQoJUQPE4qCTtpw&oe=62FD01FE'],['May be a cartoon of 1 person and text'],,,,,,,,,,0,0,1,https://facebook.com/gurusrilanka/posts/5520302554693506,,"[{'link': '/hashtag/dialogtv?locale2=en_US&__tn__=%2As-R', 'text': '#dialogtv'}, {'link': '/hashtag/gurutv?locale2=en_US&__tn__=%2As-R', 'text': '#gurutv'}, {'link': '/hashtag/kathakaraliya?locale2=en_US&__tn__=%2As-R', 'text': '#kathakaraliya'}]",616259475097863,guru.lk,https://facebook.com/gurusrilanka/?locale2=en_US&__tn__=C-R,False,,,,,,,True,[],,,,,,616259475097863,,5520302358026859,['5520302358026859'],False
3,5520299244693837,"තමන් කරන දේට අවංක වෙන්නේ කොහොමද කියලා ඉගෙන ගන්න

ඒ ගැන දැනගන්න මේ සති අන්තයේ උදේ 7.30 ට dialog tv නාලිකා අංක 121 න් ගුරු Tv කතා කරළිය බලන්න
#dialogtv #gurutv #kathakaraliya","තමන් කරන දේට අවංක වෙන්නේ කොහොමද කියලා ඉගෙන ගන්න

ඒ ගැන දැනගන්න මේ සති අන්තයේ උදේ 7.30 ට dialog tv නාලිකා අංක 121 න් ගුරු Tv කතා කරළිය බලන්න
#dialogtv #gurutv #kathakaraliya",,,2022-08-12 14:26:46,1660294606,https://scontent-sin6-1.xx.fbcdn.net/v/t39.30808-6/298979468_5520298824693879_6728849746519512829_n.png?_nc_cat=109&ccb=1-7&_nc_sid=8024bb&_nc_ohc=ivQ1j76M9GIAX8d9tnj&_nc_ht=scontent-sin6-1.xx&oh=00_AT9fpKSXPAW1aFfI40gjAx7ohaFS1Ol9kNaN0J6rzJYY0A&oe=62FCA5BD,https://scontent-sin6-1.xx.fbcdn.net/v/t39.30808-6/298979468_5520298824693879_6728849746519512829_n.png?stp=dst-png_p320x320&_nc_cat=109&ccb=1-7&_nc_sid=8024bb&_nc_ohc=ivQ1j76M9GIAX8d9tnj&_nc_ht=scontent-sin6-1.xx&oh=00_AT8gLMcM0YpxQIgMMhGc1CpgUUOjTMQi4BaMxxSBnb2THw&oe=62FCA5BD,['https://scontent-sin6-1.xx.fbcdn.net/v/t39.30808-6/298979468_5520298824693879_6728849746519512829_n.png?_nc_cat=109&ccb=1-7&_nc_sid=8024bb&_nc_ohc=ivQ1j76M9GIAX8d9tnj&_nc_ht=scontent-sin6-1.xx&oh=00_AT9fpKSXPAW1aFfI40gjAx7ohaFS1Ol9kNaN0J6rzJYY0A&oe=62FCA5BD'],['May be a cartoon of 1 person and text'],['https://scontent-sin6-1.xx.fbcdn.net/v/t39.30808-6/298979468_5520298824693879_6728849746519512829_n.png?stp=dst-png_p320x320&_nc_cat=109&ccb=1-7&_nc_sid=8024bb&_nc_ohc=ivQ1j76M9GIAX8d9tnj&_nc_ht=scontent-sin6-1.xx&oh=00_AT8gLMcM0YpxQIgMMhGc1CpgUUOjTMQi4BaMxxSBnb2THw&oe=62FCA5BD'],['May be a cartoon of 1 person and text'],,,,,,,,,,0,0,0,https://facebook.com/gurusrilanka/posts/5520299244693837,,"[{'link': '/hashtag/dialogtv?locale2=en_US&__tn__=%2As-R', 'text': '#dialogtv'}, {'link': '/hashtag/gurutv?locale2=en_US&__tn__=%2As-R', 'text': '#gurutv'}, {'link': '/hashtag/kathakaraliya?locale2=en_US&__tn__=%2As-R', 'text': '#kathakaraliya'}]",616259475097863,guru.lk,https://facebook.com/gurusrilanka/?locale2=en_US&__tn__=C-R,False,,,,,,,True,[],,,,,,616259475097863,,5520298828027212,['5520298828027212'],False
4,5516908961699532,"ධර්මය විනය සුරක්ෂිත කිරීමේ අභිප්‍රායෙන් කරන ලද
පළමු ධර්ම සංඝායනාව පැවැත්වීම ඇතුළු වැදගත් ශාසනික
කරුණු රැසක් සිදුවුණු නිකිණි පුන් පොහොය අදයි.......","ධර්මය විනය සුරක්ෂිත කිරීමේ අභිප්‍රායෙන් කරන ලද
පළමු ධර්ම සංඝායනාව පැවැත්වීම ඇතුළු වැදගත් ශාසනික
කරුණු රැසක් සිදුවුණු නිකිණි පුන් පොහොය අදයි.......",,,2022-08-11 09:06:47,1660189007,https://scontent-sin6-4.xx.fbcdn.net/v/t39.30808-6/298283801_5516907735032988_6104955822114982855_n.jpg?stp=cp0_dst-jpg_e15_fr_q65&_nc_cat=103&ccb=1-7&_nc_sid=8024bb&_nc_ohc=JJWNPT_aulkAX_JHuNF&_nc_ht=scontent-sin6-4.xx&oh=00_AT-N9Qoh1FThgSeNuFCYdUJvA4hWLxTRBzeeGeQJDGW9Fg&oe=62FD02B2,https://scontent-sin6-4.xx.fbcdn.net/v/t39.30808-6/298283801_5516907735032988_6104955822114982855_n.jpg?stp=cp0_dst-jpg_e15_p320x320_q65&_nc_cat=103&ccb=1-7&_nc_sid=8024bb&_nc_ohc=JJWNPT_aulkAX_JHuNF&_nc_ht=scontent-sin6-4.xx&oh=00_AT91eUSgVr3SjsUElFk44fJ81iibe232KQsGKEvne6CYvA&oe=62FD02B2,['https://scontent-sin6-4.xx.fbcdn.net/v/t39.30808-6/298283801_5516907735032988_6104955822114982855_n.jpg?stp=cp0_dst-jpg_e15_fr_q65&_nc_cat=103&ccb=1-7&_nc_sid=8024bb&_nc_ohc=JJWNPT_aulkAX_JHuNF&_nc_ht=scontent-sin6-4.xx&oh=00_AT-N9Qoh1FThgSeNuFCYdUJvA4hWLxTRBzeeGeQJDGW9Fg&oe=62FD02B2'],['May be a cartoon of text'],['https://scontent-sin6-4.xx.fbcdn.net/v/t39.30808-6/298283801_5516907735032988_6104955822114982855_n.jpg?stp=cp0_dst-jpg_e15_p320x320_q65&_nc_cat=103&ccb=1-7&_nc_sid=8024bb&_nc_ohc=JJWNPT_aulkAX_JHuNF&_nc_ht=scontent-sin6-4.xx&oh=00_AT91eUSgVr3SjsUElFk44fJ81iibe232KQsGKEvne6CYvA&oe=62FD02B2'],['May be a cartoon of text'],,,,,,,,,,2,0,0,https://facebook.com/gurusrilanka/posts/5516908961699532,,[],616259475097863,guru.lk,https://facebook.com/gurusrilanka/?locale2=en_US&__tn__=C-R,False,,,,,,,True,[],,,,,,616259475097863,,5516907738366321,['5516907738366321'],False
5,5512139542176474,"නැවකට ලොකු නහයක් මොකටද ?

බූමරංගයක් නැවත එන්නේ

මේ සෙනසුරාදා සහ ඉරිදා උදේ 9.30 සහ රාත්‍රී 9.30 Dialog TV නාලිකා අංක 121 තුලින්

#sciencewithruchira #gurutv #dialogtv","නැවකට ලොකු නහයක් මොකටද ?

බූමරංගයක් නැවත එන්නේ

මේ සෙනසුරාදා සහ ඉරිදා උදේ 9.30 සහ රාත්‍රී 9.30 Dialog TV නාලිකා අංක 121 තුලින්

#sciencewithruchira #gurutv #dialogtv",,,2022-08-09 16:20:01,1660042201,,https://scontent-sin6-3.xx.fbcdn.net/v/t15.5256-10/298301784_828102288550775_3050455970492085611_n.jpg?stp=cp0_dst-jpg_e15_q65_s320x320&_nc_cat=104&ccb=1-7&_nc_sid=ccf8b3&_nc_ohc=sAglKc_2IuQAX-DfvpN&_nc_ht=scontent-sin6-3.xx&oh=00_AT_EYmptrXitHRIJ6dw2XjSb9Dq_6D0OpR-Ub-SkWH-UGQ&oe=62FDD39D,[],[],['https://scontent-sin6-3.xx.fbcdn.net/v/t15.5256-10/298301784_828102288550775_3050455970492085611_n.jpg?stp=cp0_dst-jpg_e15_q65_s320x320&_nc_cat=104&ccb=1-7&_nc_sid=ccf8b3&_nc_ohc=sAglKc_2IuQAX-DfvpN&_nc_ht=scontent-sin6-3.xx&oh=00_AT_EYmptrXitHRIJ6dw2XjSb9Dq_6D0OpR-Ub-SkWH-UGQ&oe=62FDD39D'],[None],https://video-sin6-4.xx.fbcdn.net/v/t42.1790-2/298282586_465239085476990_3556249665199264093_n.mp4?_nc_cat=110&ccb=1-7&_nc_sid=985c63&efg=eyJ2ZW5jb2RlX3RhZyI6InN2ZV9zZCJ9&_nc_ohc=aMAMDpnRR1oAX-Xc81T&_nc_rml=0&_nc_ht=video-sin6-4.xx&oh=00_AT-DLlOA0pzD6Df0udAcZ5d3MFRPzmANGBfIagkaWL3cOw&oe=62F824CF,,,461306169184201,,,https://scontent-sin6-3.xx.fbcdn.net/v/t15.5256-10/298301784_828102288550775_3050455970492085611_n.jpg?stp=cp0_dst-jpg_e15_q65_s320x320&_nc_cat=104&ccb=1-7&_nc_sid=ccf8b3&_nc_ohc=sAglKc_2IuQAX-DfvpN&_nc_ht=scontent-sin6-3.xx&oh=00_AT_EYmptrXitHRIJ6dw2XjSb9Dq_6D0OpR-Ub-SkWH-UGQ&oe=62FDD39D,,,4,0,0,https://facebook.com/gurusrilanka/posts/5512139542176474,,"[{'link': '/hashtag/sciencewithruchira?locale2=en_US&__tn__=%2As-R', 'text': '#sciencewithruchira'}, {'link': '/hashtag/gurutv?locale2=en_US&__tn__=%2As-R', 'text': '#gurutv'}, {'link': '/hashtag/dialogtv?locale2=en_US&__tn__=%2As-R', 'text': '#dialogtv'}]",616259475097863,guru.lk,https://facebook.com/gurusrilanka/?locale2=en_US&__tn__=C-R,False,,,,,,,True,[],,,,,,616259475097863,,,[],False
6,5512131262177302,"තමන් කරන දේට අවංක වෙන්නේ කොහොමද කියලා ඉගෙන ගන්න...
අපි කොහොමද තව කෙනෙක්ගේ ජීවිතය යහපත් කරන්න උදව් කරන්නේ ඒ ගැන දැනගන්න..
කතා කරළිය සති අන්තයේ උදේ 7.30 ට dialog tv නාලිකා අංක 121 න් ගුරු Tv
#kathakaraliya #DialogTV #gurutv #inspirationalstory","තමන් කරන දේට අවංක වෙන්නේ කොහොමද කියලා ඉගෙන ගන්න...
අපි කොහොමද තව කෙනෙක්ගේ ජීවිතය යහපත් කරන්න උදව් කරන්නේ ඒ ගැන දැනගන්න..
කතා කරළිය සති අන්තයේ උදේ 7.30 ට dialog tv නාලිකා අංක 121 න් ගුරු Tv
#kathakaraliya #DialogTV #gurutv #inspirationalstory",,,2022-08-09 16:15:46,1660041946,,https://scontent-sin6-4.xx.fbcdn.net/v/t15.5256-10/297461723_2277208502430241_2568309114474869596_n.jpg?stp=cp0_dst-jpg_e15_q65_s320x320&_nc_cat=101&ccb=1-7&_nc_sid=ccf8b3&_nc_ohc=BOZCMbGFBmoAX_XZNlg&_nc_ht=scontent-sin6-4.xx&oh=00_AT-sMQEKQfX99DcDzrobMGPh8IomqoBQKfCFhFsmslKLVg&oe=62FC28A5,[],[],['https://scontent-sin6-4.xx.fbcdn.net/v/t15.5256-10/297461723_2277208502430241_2568309114474869596_n.jpg?stp=cp0_dst-jpg_e15_q65_s320x320&_nc_cat=101&ccb=1-7&_nc_sid=ccf8b3&_nc_ohc=BOZCMbGFBmoAX_XZNlg&_nc_ht=scontent-sin6-4.xx&oh=00_AT-sMQEKQfX99DcDzrobMGPh8IomqoBQKfCFhFsmslKLVg&oe=62FC28A5'],[None],https://video-sin6-4.xx.fbcdn.net/v/t42.1790-2/298569610_198108552556310_7427550007736699144_n.mp4?_nc_cat=100&ccb=1-7&_nc_sid=985c63&efg=eyJ2ZW5jb2RlX3RhZyI6InN2ZV9zZCJ9&_nc_ohc=dX7TiPtp2gQAX_k4iRQ&_nc_rml=0&_nc_ht=video-sin6-4.xx&oh=00_AT_vQuWyYe7LZdr1GiZieahVWF-kvG4DyNIwF13VDPo2Jg&oe=62F82728,,,1227193718117909,,,https://scontent-sin6-4.xx.fbcdn.net/v/t15.5256-10/297461723_2277208502430241_2568309114474869596_n.jpg?stp=cp0_dst-jpg_e15_q65_s320x320&_nc_cat=101&ccb=1-7&_nc_sid=ccf8b3&_nc_ohc=BOZCMbGFBmoAX_XZNlg&_nc_ht=scontent-sin6-4.xx&oh=00_AT-sMQEKQfX99DcDzrobMGPh8IomqoBQKfCFhFsmslKLVg&oe=62FC28A5,,,1,0,0,https://facebook.com/gurusrilanka/posts/5512131262177302,,"[{'link': '/hashtag/kathakaraliya?locale2=en_US&__tn__=%2As-R', 'text': '#kathakaraliya'}, {'link': '/hashtag/dialogtv?locale2=en_US&__tn__=%2As-R', 'text': '#DialogTV'}, {'link': '/hashtag/gurutv?locale2=en_US&__tn__=%2As-R', 'text': '#gurutv'}, {'link': '/hashtag/inspirationalstory?locale2=en_US&__tn__=%2As-R', 'text': '#inspirationalstory'}]",616259475097863,guru.lk,https://facebook.com/gurusrilanka/?locale2=en_US&__tn__=C-R,False,,,,,,,True,[],,,,,,616259475097863,,,[],False
7,5511641825559579,"ගුරු ටීවී වෙතින් පුංචි ඔබට...
#gurutv #birthdaywishes #DialogTV","ගුරු ටීවී වෙතින් පුංචි ඔබට...
#gurutv #birthdaywishes #DialogTV",,,2022-08-09 11:46:13,1660025773,https://scontent-sin6-3.xx.fbcdn.net/v/t39.30808-6/298265604_5511641152226313_1021877446247030384_n.png?_nc_cat=104&ccb=1-7&_nc_sid=8024bb&_nc_ohc=-nvXT1nKkNsAX9qDEh2&_nc_ht=scontent-sin6-3.xx&oh=00_AT9sEEnYvkaLyFDe7kaWAvEHslcmWqgM6mSsq02a5rTxrA&oe=62FD5CE5,https://scontent-sin6-3.xx.fbcdn.net/v/t39.30808-6/298265604_5511641152226313_1021877446247030384_n.png?stp=dst-png_p320x320&_nc_cat=104&ccb=1-7&_nc_sid=8024bb&_nc_ohc=-nvXT1nKkNsAX9qDEh2&_nc_ht=scontent-sin6-3.xx&oh=00_AT8_RER8ZjDrDY9cmkdoxDmKF0cOfR-at_PSJ4iDOo4cNQ&oe=62FD5CE5,['https://scontent-sin6-3.xx.fbcdn.net/v/t39.30808-6/298265604_5511641152226313_1021877446247030384_n.png?_nc_cat=104&ccb=1-7&_nc_sid=8024bb&_nc_ohc=-nvXT1nKkNsAX9qDEh2&_nc_ht=scontent-sin6-3.xx&oh=00_AT9sEEnYvkaLyFDe7kaWAvEHslcmWqgM6mSsq02a5rTxrA&oe=62FD5CE5'],['May be an image of balloon'],['https://scontent-sin6-3.xx.fbcdn.net/v/t39.30808-6/298265604_5511641152226313_1021877446247030384_n.png?stp=dst-png_p320x320&_nc_cat=104&ccb=1-7&_nc_sid=8024bb&_nc_ohc=-nvXT1nKkNsAX9qDEh2&_nc_ht=scontent-sin6-3.xx&oh=00_AT8_RER8ZjDrDY9cmkdoxDmKF0cOfR-at_PSJ4iDOo4cNQ&oe=62FD5CE5'],['May be an image of balloon'],,,,,,,,,,1,0,0,https://facebook.com/gurusrilanka/posts/5511641825559579,,"[{'link': '/hashtag/gurutv?locale2=en_US&__tn__=%2As-R', 'text': '#gurutv'}, {'link': '/hashtag/birthdaywishes?locale2=en_US&__tn__=%2As-R', 'text': '#birthdaywishes'}, {'link': '/hashtag/dialogtv?locale2=en_US&__tn__=%2As-R', 'text': '#DialogTV'}]",616259475097863,guru.lk,https://facebook.com/gurusrilanka/?locale2=en_US&__tn__=C-R,False,,,,,,,True,[],,,,,,616259475097863,,5511641172226311,['5511641172226311'],False
8,5265154933541604,"මුලු මහත් මානව වර්ගයාටම..
ගහට කොළට..
සතා සිව්පාවන්ට..
මේ මුලු සොබා දහමටම
මෛත්‍රිය පැතිරෙන
සුබ වෙසක් මංගල්‍යක් වේවා..!!","මුලු මහත් මානව වර්ගයාටම..
ගහට කොළට..
සතා සිව්පාවන්ට..
මේ මුලු සොබා දහමටම
මෛත්‍රිය පැතිරෙන
සුබ වෙසක් මංගල්‍යක් වේවා..!!",,,2022-05-15 09:48:22,1652588302,https://scontent-sin6-2.xx.fbcdn.net/v/t39.30808-6/280521939_5265154080208356_7519605330180167519_n.png?_nc_cat=102&ccb=1-7&_nc_sid=8024bb&_nc_ohc=pn6i-mOe4BIAX9ApG0l&_nc_ht=scontent-sin6-2.xx&oh=00_AT_JfxI22duI_crvKwrCM4tnQhQ4YnHuONSJkrY-NUo0FA&oe=62FDA71E,https://scontent-sin6-2.xx.fbcdn.net/v/t39.30808-6/280521939_5265154080208356_7519605330180167519_n.png?stp=dst-png_p320x320&_nc_cat=102&ccb=1-7&_nc_sid=8024bb&_nc_ohc=pn6i-mOe4BIAX9ApG0l&_nc_ht=scontent-sin6-2.xx&oh=00_AT8NgQgyMwqCjJc9JHZwesXbs0gzZk12kMGcjggpLnxtGQ&oe=62FDA71E,['https://scontent-sin6-2.xx.fbcdn.net/v/t39.30808-6/280521939_5265154080208356_7519605330180167519_n.png?_nc_cat=102&ccb=1-7&_nc_sid=8024bb&_nc_ohc=pn6i-mOe4BIAX9ApG0l&_nc_ht=scontent-sin6-2.xx&oh=00_AT_JfxI22duI_crvKwrCM4tnQhQ4YnHuONSJkrY-NUo0FA&oe=62FDA71E'],['May be an image of text'],['https://scontent-sin6-2.xx.fbcdn.net/v/t39.30808-6/280521939_5265154080208356_7519605330180167519_n.png?stp=dst-png_p320x320&_nc_cat=102&ccb=1-7&_nc_sid=8024bb&_nc_ohc=pn6i-mOe4BIAX9ApG0l&_nc_ht=scontent-sin6-2.xx&oh=00_AT8NgQgyMwqCjJc9JHZwesXbs0gzZk12kMGcjggpLnxtGQ&oe=62FDA71E'],['May be an image of text'],,,,,,,,,,5,0,1,https://facebook.com/gurusrilanka/posts/5265154933541604,,[],616259475097863,guru.lk,https://facebook.com/gurusrilanka/?locale2=en_US&__tn__=C-R,False,,,,,,,True,[],,,,,,616259475097863,,5265154083541689,['5265154083541689'],False
9,5247689348621496,"ජාත්‍යන්තර මව්වරුන්ගේ දිනය දා..
විශ්වයේ සෑම අම්මාකෙනෙකුටම...
ආදරණීය උපහාරය..","ජාත්‍යන්තර මව්වරුන්ගේ දිනය දා..
විශ්වයේ සෑම අම්මාකෙනෙකුටම...
ආදරණීය උපහාරය..",,,2022-05-09 07:31:19,1652061679,https://scontent-sin6-2.xx.fbcdn.net/v/t39.30808-6/280047946_5247688931954871_99513075954027998_n.png?_nc_cat=105&ccb=1-7&_nc_sid=8024bb&_nc_ohc=spRl7US5SmsAX9xajIi&_nc_ht=scontent-sin6-2.xx&oh=00_AT9Jd7j88cTlXtGBiELVLyYbpFpOU2L3g03bReLRgT3OrA&oe=62FCE3E2,https://scontent-sin6-2.xx.fbcdn.net/v/t39.30808-6/280047946_5247688931954871_99513075954027998_n.png?stp=dst-png_p320x320&_nc_cat=105&ccb=1-7&_nc_sid=8024bb&_nc_ohc=spRl7US5SmsAX9xajIi&_nc_ht=scontent-sin6-2.xx&oh=00_AT-8J2pV3e4-i1E8BihjWXk9gCwN2p9Ty2gwyjYioN-rLg&oe=62FCE3E2,['https://scontent-sin6-2.xx.fbcdn.net/v/t39.30808-6/280047946_5247688931954871_99513075954027998_n.png?_nc_cat=105&ccb=1-7&_nc_sid=8024bb&_nc_ohc=spRl7US5SmsAX9xajIi&_nc_ht=scontent-sin6-2.xx&oh=00_AT9Jd7j88cTlXtGBiELVLyYbpFpOU2L3g03bReLRgT3OrA&oe=62FCE3E2'],['May be an image of one or more people and text'],['https://scontent-sin6-2.xx.fbcdn.net/v/t39.30808-6/280047946_5247688931954871_99513075954027998_n.png?stp=dst-png_p320x320&_nc_cat=105&ccb=1-7&_nc_sid=8024bb&_nc_ohc=spRl7US5SmsAX9xajIi&_nc_ht=scontent-sin6-2.xx&oh=00_AT-8J2pV3e4-i1E8BihjWXk9gCwN2p9Ty2gwyjYioN-rLg&oe=62FCE3E2'],['May be an image of one or more people and text'],,,,,,,,,,2,0,0,https://facebook.com/gurusrilanka/posts/5247689348621496,,[],616259475097863,guru.lk,https://facebook.com/gurusrilanka/?locale2=en_US&__tn__=C-R,False,,,,,,,True,[],,,,,,616259475097863,,5247688955288202,['5247688955288202'],False
10,5179688875421544,"ලැබුවා වූ සිංහල දෙමළ අලුත් අවුරුද්ද
සාමය සතුට සෞභාග්‍ය පිරි
සුබ අලුත් අවුරුද්දක් වේවා !

We wish you a healthy & prosperous Sinhala & Tamil New year

#happynewyear #gurulk","ලැබුවා වූ සිංහල දෙමළ අලුත් අවුරුද්ද
සාමය සතුට සෞභාග්‍ය පිරි
සුබ අලුත් අවුරුද්දක් වේවා !

We wish you a healthy & prosperous Sinhala & Tamil New year

#happynewyear #gurulk",,,2022-04-14 08:57:42,1649906862,https://scontent-sin6-1.xx.fbcdn.net/v/t39.30808-6/278361666_5179688038754961_2429568390190747241_n.png?_nc_cat=111&ccb=1-7&_nc_sid=8024bb&_nc_ohc=9nYPYDg5Ap0AX_a3BS0&_nc_ht=scontent-sin6-1.xx&oh=00_AT8DHlZ_M9XDmTmLMvamHZeQyZIko8JjH43p5YuQ0dJU5Q&oe=62FD1562,https://scontent-sin6-1.xx.fbcdn.net/v/t39.30808-6/278361666_5179688038754961_2429568390190747241_n.png?stp=dst-png_p320x320&_nc_cat=111&ccb=1-7&_nc_sid=8024bb&_nc_ohc=9nYPYDg5Ap0AX_a3BS0&_nc_ht=scontent-sin6-1.xx&oh=00_AT-nnC9vcTPxZDrxuXkQwgqMkAzQwtklshJlcPKdOdpeEQ&oe=62FD1562,['https://scontent-sin6-1.xx.fbcdn.net/v/t39.30808-6/278361666_5179688038754961_2429568390190747241_n.png?_nc_cat=111&ccb=1-7&_nc_sid=8024bb&_nc_ohc=9nYPYDg5Ap0AX_a3BS0&_nc_ht=scontent-sin6-1.xx&oh=00_AT8DHlZ_M9XDmTmLMvamHZeQyZIko8JjH43p5YuQ0dJU5Q&oe=62FD1562'],['May be a cartoon of text'],['https://scontent-sin6-1.xx.fbcdn.net/v/t39.30808-6/278361666_5179688038754961_2429568390190747241_n.png?stp=dst-png_p320x320&_nc_cat=111&ccb=1-7&_nc_sid=8024bb&_nc_ohc=9nYPYDg5Ap0AX_a3BS0&_nc_ht=scontent-sin6-1.xx&oh=00_AT-nnC9vcTPxZDrxuXkQwgqMkAzQwtklshJlcPKdOdpeEQ&oe=62FD1562'],['May be a cartoon of text'],,,,,,,,,,4,1,1,https://facebook.com/gurusrilanka/posts/5179688875421544,,"[{'link': '/hashtag/happynewyear?locale2=en_US&__tn__=%2As-R', 'text': '#happynewyear'}, {'link': '/hashtag/gurulk?locale2=en_US&__tn__=%2As-R', 'text': '#gurulk'}]",616259475097863,guru.lk,https://facebook.com/gurusrilanka/?locale2=en_US&__tn__=C-R,False,,,,,,,True,"[{'comment_id': '5179751362081962', 'comment_url': 'https://facebook.com/5179751362081962', 'commenter_id': '100056837805496', 'commenter_url': None, 'commenter_name': 'Pearl Karalliadde', 'commenter_meta': None, 'comment_text': 'සුභ අළුත් අවුරැද්දක් වෙිවා.', 'comment_time': datetime.datetime(2022, 4, 14, 0, 0), 'comment_image': None, 'comment_reactors': [], 'comment_reactions': None, 'comment_reaction_count': None, 'replies': []}]",,,,,,616259475097863,,5179688042088294,['5179688042088294'],False
11,5175072142549884,ආදරණීය බැඳීම් ශක්තිමත් කරන අලුත් අවුරුද්ද..,ආදරණීය බැඳීම් ශක්තිමත් කරන අලුත් අවුරුද්ද..,,,2022-04-12 14:57:09,1649755629,https://scontent-sin6-3.xx.fbcdn.net/v/t39.30808-6/278443284_5175071462549952_3436153035704286709_n.jpg?stp=cp0_dst-jpg_e15_fr_q65&_nc_cat=106&ccb=1-7&_nc_sid=8024bb&_nc_ohc=qmlfiFpgLdAAX_RtY8C&_nc_ht=scontent-sin6-3.xx&oh=00_AT8PIs26WvXd1xmxPVkCzUXSvpLxIqBeCXXtDYelqkWlDg&oe=62FCC1A1,https://scontent-sin6-3.xx.fbcdn.net/v/t39.30808-6/278443284_5175071462549952_3436153035704286709_n.jpg?stp=cp0_dst-jpg_e15_p160x160_q65&_nc_cat=106&ccb=1-7&_nc_sid=8024bb&_nc_ohc=qmlfiFpgLdAAX_RtY8C&_nc_ht=scontent-sin6-3.xx&oh=00_AT-y5d278LhsGG0tBqLwrPa1yds73b_KyMk6OUmP1tBPPw&oe=62FCC1A1,"['https://scontent-sin6-3.xx.fbcdn.net/v/t39.30808-6/278443284_5175071462549952_3436153035704286709_n.jpg?stp=cp0_dst-jpg_e15_fr_q65&_nc_cat=106&ccb=1-7&_nc_sid=8024bb&_nc_ohc=qmlfiFpgLdAAX_RtY8C&_nc_ht=scontent-sin6-3.xx&oh=00_AT8PIs26WvXd1xmxPVkCzUXSvpLxIqBeCXXtDYelqkWlDg&oe=62FCC1A1', 'https://scontent-sin6-1.xx.fbcdn.net/v/t39.30808-6/278470249_5175071439216621_4016415950319701562_n.png?_nc_cat=107&ccb=1-7&_nc_sid=8024bb&_nc_ohc=09ds5AIHeCEAX9vQPGh&_nc_ht=scontent-sin6-1.xx&oh=00_AT9Di7iMF87fKBfqFWEA_Ex9MJJcdy6gV5uUzty7aISL1g&oe=62FD4E18', 'https://scontent-sin6-2.xx.fbcdn.net/v/t39.30808-6/278405782_5175071409216624_3295516349520532225_n.png?_nc_cat=108&ccb=1-7&_nc_sid=8024bb&_nc_ohc=ga-T-YSizDoAX9woHLd&_nc_ht=scontent-sin6-2.xx&oh=00_AT-zdpe1fadAKg-BHchLc-uqY5uMy6LbTGDs7zCAZ7Yvng&oe=62FD7196', 'https://scontent-sin6-4.xx.fbcdn.net/v/t39.30808-6/278430469_5175071792549919_1513199638284873760_n.jpg?stp=cp0_dst-jpg_e15_fr_q65&_nc_cat=103&ccb=1-7&_nc_sid=8024bb&_nc_ohc=UTYxPAEvG44AX_V_Zez&_nc_ht=scontent-sin6-4.xx&oh=00_AT-yD9oJembuvy9IJGBDSUpK1iprYA2_MATe_jLnC3U-aQ&oe=62FC02CC', 'https://scontent-sin6-4.xx.fbcdn.net/v/t39.30808-6/278369368_5175071879216577_2649235711741702657_n.png?_nc_cat=100&ccb=1-7&_nc_sid=8024bb&_nc_ohc=PItlXs5H93AAX8F4WvK&_nc_ht=scontent-sin6-4.xx&oh=00_AT_n__fKVSJDdhD9KX1Cj0bVakwDxb1vRjKv2J6Cnfd-kg&oe=62FDC7E8']","['May be an image of text', 'May be an image of text', 'May be a cartoon of text', 'May be an image of text', 'May be an image of text']","['https://scontent-sin6-3.xx.fbcdn.net/v/t39.30808-6/278443284_5175071462549952_3436153035704286709_n.jpg?stp=cp0_dst-jpg_e15_p160x160_q65&_nc_cat=106&ccb=1-7&_nc_sid=8024bb&_nc_ohc=qmlfiFpgLdAAX_RtY8C&_nc_ht=scontent-sin6-3.xx&oh=00_AT-y5d278LhsGG0tBqLwrPa1yds73b_KyMk6OUmP1tBPPw&oe=62FCC1A1', 'https://scontent-sin6-1.xx.fbcdn.net/v/t39.30808-6/278470249_5175071439216621_4016415950319701562_n.png?stp=dst-png_p160x160&_nc_cat=107&ccb=1-7&_nc_sid=8024bb&_nc_ohc=09ds5AIHeCEAX9vQPGh&_nc_ht=scontent-sin6-1.xx&oh=00_AT-rX6j7pdEeUHpBC4G23I9VuLpRdkbYcmIJR65EjFDJ9A&oe=62FD4E18', 'https://scontent-sin6-2.xx.fbcdn.net/v/t39.30808-6/278405782_5175071409216624_3295516349520532225_n.png?stp=dst-png_p160x160&_nc_cat=108&ccb=1-7&_nc_sid=8024bb&_nc_ohc=ga-T-YSizDoAX9woHLd&_nc_ht=scontent-sin6-2.xx&oh=00_AT-LjsgutQ9FJ2JfYDepfrY-8Noly1fV27VXD0A6owg05g&oe=62FD7196', 'https://scontent-sin6-4.xx.fbcdn.net/v/t39.30808-6/278430469_5175071792549919_1513199638284873760_n.jpg?stp=cp0_dst-jpg_e15_p160x160_q65&_nc_cat=103&ccb=1-7&_nc_sid=8024bb&_nc_ohc=UTYxPAEvG44AX_V_Zez&_nc_ht=scontent-sin6-4.xx&oh=00_AT9WWgCV9HyWTxJMezN4k3uQM5jl1FWvFL7JQUz_1t_Z-Q&oe=62FC02CC']","['May be an image of text', 'May be an image of text', 'May be a cartoon of text', 'May be an image of text']",,,,,,,,,,9,0,11,https://facebook.com/gurusrilanka/posts/5175072142549884,,[],616259475097863,guru.lk,https://facebook.com/gurusrilanka/?locale2=en_US&__tn__=C-R,False,,,,,,,True,[],,,,,,616259475097863,,,[],False
12,5105220012868431,"සංසාර බැඳීමෙන් තම ඥාතීන් මුදා ගැනීමේ උතුම් අරමුණ පෙරදැරි කරගනිමින් බුදුරජාණන් වහන්සේ පළමුවරට රජගහ නුවර සිට කිඹුල්වත් නුවරට වැඩම කිරීමත්, සත් හැවිරිදි රාහුල කුමරු පැවිදි කරවීමත්, මහා ප්‍රජාපතී ගෝතමිය සෝවාන්ඵලයට පත්වීමත් ආදි ශාසනික වශයෙන් වැදගත් සිදුවිම් රැසක් සිදු වූ මැදින් පුන් පොහොය දිනය අදයි.","සංසාර බැඳීමෙන් තම ඥාතීන් මුදා ගැනීමේ උතුම් අරමුණ පෙරදැරි කරගනිමින් බුදුරජාණන් වහන්සේ පළමුවරට රජගහ නුවර සිට කිඹුල්වත් නුවරට වැඩම කිරීමත්, සත් හැවිරිදි රාහුල කුමරු පැවිදි කරවීමත්, මහා ප්‍රජාපතී ගෝතමිය සෝවාන්ඵලයට පත්වීමත් ආදි ශාසනික වශයෙන් වැදගත් සිදුවිම් රැසක් සිදු වූ මැදින් පුන් පොහොය දිනය අදයි.",,,2022-03-17 07:49:00,1647483540,https://scontent-sin6-2.xx.fbcdn.net/v/t39.30808-6/275916945_5105218262868606_3035329858742094757_n.jpg?stp=cp0_dst-jpg_e15_fr_q65&_nc_cat=108&ccb=1-7&_nc_sid=8024bb&_nc_ohc=Y3Z0BDfA0oIAX-PPErc&_nc_ht=scontent-sin6-2.xx&oh=00_AT-ycehYUUkAK41QsMGwIC7N8VI_8rp-D19ozeu04Z11GA&oe=62FDA1CE,https://scontent-sin6-2.xx.fbcdn.net/v/t39.30808-6/275916945_5105218262868606_3035329858742094757_n.jpg?stp=cp0_dst-jpg_e15_p320x320_q65&_nc_cat=108&ccb=1-7&_nc_sid=8024bb&_nc_ohc=Y3Z0BDfA0oIAX-PPErc&_nc_ht=scontent-sin6-2.xx&oh=00_AT_5AMrZz3Jxniujl9cqgS3XSWUMP6EYGFUjgDYDw2x8tA&oe=62FDA1CE,['https://scontent-sin6-2.xx.fbcdn.net/v/t39.30808-6/275916945_5105218262868606_3035329858742094757_n.jpg?stp=cp0_dst-jpg_e15_fr_q65&_nc_cat=108&ccb=1-7&_nc_sid=8024bb&_nc_ohc=Y3Z0BDfA0oIAX-PPErc&_nc_ht=scontent-sin6-2.xx&oh=00_AT-ycehYUUkAK41QsMGwIC7N8VI_8rp-D19ozeu04Z11GA&oe=62FDA1CE'],['May be an image of text'],['https://scontent-sin6-2.xx.fbcdn.net/v/t39.30808-6/275916945_5105218262868606_3035329858742094757_n.jpg?stp=cp0_dst-jpg_e15_p320x320_q65&_nc_cat=108&ccb=1-7&_nc_sid=8024bb&_nc_ohc=Y3Z0BDfA0oIAX-PPErc&_nc_ht=scontent-sin6-2.xx&oh=00_AT_5AMrZz3Jxniujl9cqgS3XSWUMP6EYGFUjgDYDw2x8tA&oe=62FDA1CE'],['May be an image of text'],,,,,,,,,,16,0,0,https://facebook.com/gurusrilanka/posts/5105220012868431,,[],616259475097863,guru.lk,https://facebook.com/gurusrilanka/?locale2=en_US&__tn__=C-R,False,,,,,,,True,[],,,,,,616259475097863,,5105218286201937,['5105218286201937'],False
13,5081486491908450,"දියණියක්, බිරිඳක්,මවක්, සොහොයුරියක්, මිතුරියක්, මිත්තණියක් වශයෙන් කාන්තාවට ලැබිය යුතු නිසි ගෞරවය ලබා දෙමු..
ලෝක කාන්තා දිනය වෙනුවෙන් අපගේ උපහාරය...","දියණියක්, බිරිඳක්,මවක්, සොහොයුරියක්, මිතුරියක්, මිත්තණියක් වශයෙන් කාන්තාවට ලැබිය යුතු නිසි ගෞරවය ලබා දෙමු..
ලෝක කාන්තා දිනය වෙනුවෙන් අපගේ උපහාරය...",,,2022-03-08 14:41:29,1646730689,https://scontent-sin6-4.xx.fbcdn.net/v/t39.30808-6/275532346_5081485905241842_6341854579776325639_n.png?_nc_cat=101&ccb=1-7&_nc_sid=8024bb&_nc_ohc=DApdI6mJXY0AX96abHH&_nc_ht=scontent-sin6-4.xx&oh=00_AT8UrYq-\-\yVJmfY8z7okdIcKpG9MHQRf0w0AVveUNB-vnA&oe=62FD3E13,https://scontent-sin6-4.xx.fbcdn.net/v/t39.30808-6/275532346_5081485905241842_6341854579776325639_n.png?stp=dst-png_p320x320&_nc_cat=101&ccb=1-7&_nc_sid=8024bb&_nc_ohc=DApdI6mJXY0AX96abHH&_nc_ht=scontent-sin6-4.xx&oh=00_AT_sssP976wVNwsLdYdi9p90XIaFY1kGL6HRZeR7dFGS8Q&oe=62FD3E13,['https://scontent-sin6-4.xx.fbcdn.net/v/t39.30808-6/275532346_5081485905241842_6341854579776325639_n.png?_nc_cat=101&ccb=1-7&_nc_sid=8024bb&_nc_ohc=DApdI6mJXY0AX96abHH&_nc_ht=scontent-sin6-4.xx&oh=00_AT8UrYq-\\-\\yVJmfY8z7okdIcKpG9MHQRf0w0AVveUNB-vnA&oe=62FD3E13'],"[""May be an image of one or more people and text that says 'guru.lk MARCH HAPPY WOMEN'S DAY'""]",['https://scontent-sin6-4.xx.fbcdn.net/v/t39.30808-6/275532346_5081485905241842_6341854579776325639_n.png?stp=dst-png_p320x320&_nc_cat=101&ccb=1-7&_nc_sid=8024bb&_nc_ohc=DApdI6mJXY0AX96abHH&_nc_ht=scontent-sin6-4.xx&oh=00_AT_sssP976wVNwsLdYdi9p90XIaFY1kGL6HRZeR7dFGS8Q&oe=62FD3E13'],"[""May be an image of one or more people and text that says 'guru.lk MARCH HAPPY WOMEN'S DAY'""]",,,,,,,,,,9,0,4,https://facebook.com/gurusrilanka/posts/5081486491908450,,[],616259475097863,guru.lk,https://facebook.com/gurusrilanka/?locale2=en_US&__tn__=C-R,False,,,,,,,True,[],,,,,,616259475097863,,5081485928575173,['5081485928575173'],False
14,4983444468379320,"74 වන අභිමානවත් නිදහස් ජාතික දිනය අදයි..
#HappyIndependanceDay #SriLanka","74 වන අභිමානවත් නිදහස් ජාතික දිනය අදයි..
#HappyIndependanceDay #SriLanka",,,2022-02-04 00:23:56,1643914436,https://scontent-sin6-4.xx.fbcdn.net/v/t39.30808-6/273210100_4983442931712807_7117480259657609626_n.jpg?stp=cp0_dst-jpg_e15_fr_q65&_nc_cat=101&ccb=1-7&_nc_sid=8024bb&_nc_ohc=ZJ7W-5qDSkgAX8VHddp&_nc_ht=scontent-sin6-4.xx&oh=00_AT-HuNZrdHx93A0RrZ3DxN8jZIVUTuRpF6PUnvh-Qli0sQ&oe=62FD6D03,https://scontent-sin6-4.xx.fbcdn.net/v/t39.30808-6/273210100_4983442931712807_7117480259657609626_n.jpg?stp=cp0_dst-jpg_e15_p320x320_q65&_nc_cat=101&ccb=1-7&_nc_sid=8024bb&_nc_ohc=ZJ7W-5qDSkgAX8VHddp&_nc_ht=scontent-sin6-4.xx&oh=00_AT8RGpyZ1RASj1PRc_-QLTKwho7F95oI_H9jfsgNou7TTg&oe=62FD6D03,['https://scontent-sin6-4.xx.fbcdn.net/v/t39.30808-6/273210100_4983442931712807_7117480259657609626_n.jpg?stp=cp0_dst-jpg_e15_fr_q65&_nc_cat=101&ccb=1-7&_nc_sid=8024bb&_nc_ohc=ZJ7W-5qDSkgAX8VHddp&_nc_ht=scontent-sin6-4.xx&oh=00_AT-HuNZrdHx93A0RrZ3DxN8jZIVUTuRpF6PUnvh-Qli0sQ&oe=62FD6D03'],['May be an image of outdoors and text'],['https://scontent-sin6-4.xx.fbcdn.net/v/t39.30808-6/273210100_4983442931712807_7117480259657609626_n.jpg?stp=cp0_dst-jpg_e15_p320x320_q65&_nc_cat=101&ccb=1-7&_nc_sid=8024bb&_nc_ohc=ZJ7W-5qDSkgAX8VHddp&_nc_ht=scontent-sin6-4.xx&oh=00_AT8RGpyZ1RASj1PRc_-QLTKwho7F95oI_H9jfsgNou7TTg&oe=62FD6D03'],['May be an image of outdoors and text'],,,,,,,,,,4,1,0,https://facebook.com/gurusrilanka/posts/4983444468379320,,"[{'link': '/hashtag/happyindependanceday?locale2=en_US&__tn__=%2As-R', 'text': '#HappyIndependanceDay'}, {'link': '/hashtag/srilanka?locale2=en_US&__tn__=%2As-R', 'text': '#SriLanka'}]",616259475097863,guru.lk,https://facebook.com/gurusrilanka/?locale2=en_US&__tn__=C-R,False,,,,,,,True,"[{'comment_id': '4984316401625460', 'comment_url': 'https://facebook.com/4984316401625460', 'commenter_id': '100000349097952', 'commenter_url': None, 'commenter_name': 'Chalanga Hettiarachchi', 'commenter_meta': None, 'comment_text': 'වාසනාවන්ත ජාතික නිදහස් දිනයක් ලක් මව්නි !!!', 'comment_time': datetime.datetime(2022, 2, 14, 0, 0), 'comment_image': None, 'comment_reactors': [], 'comment_reactions': None, 'comment_reaction_count': None, 'replies': []}]",,,,,,616259475097863,,4983442941712806,['4983442941712806'],False
15,4954389684618132,"We have Reached 30k Subscribers on Youtube, Thank You for Supporting us !!","We have Reached 30k Subscribers on Youtube, Thank You for Supporting us !!",,,2022-01-26 23:24:23,1643219663,,https://scontent-sin6-3.xx.fbcdn.net/v/t15.5256-10/272695803_3078187722498466_5828096339502528707_n.jpg?stp=cp0_dst-jpg_e15_p320x320_q65&_nc_cat=104&ccb=1-7&_nc_sid=ccf8b3&_nc_ohc=Co-nR4rTQf8AX9HcLEj&_nc_ht=scontent-sin6-3.xx&oh=00_AT_UKdssyOrG-eia5aPsLXGFYkGID651ocC-3hld-PbhSw&oe=62FCBF89,[],[],['https://scontent-sin6-3.xx.fbcdn.net/v/t15.5256-10/272695803_3078187722498466_5828096339502528707_n.jpg?stp=cp0_dst-jpg_e15_p320x320_q65&_nc_cat=104&ccb=1-7&_nc_sid=ccf8b3&_nc_ohc=Co-nR4rTQf8AX9HcLEj&_nc_ht=scontent-sin6-3.xx&oh=00_AT_UKdssyOrG-eia5aPsLXGFYkGID651ocC-3hld-PbhSw&oe=62FCBF89'],[None],https://video-sin6-1.xx.fbcdn.net/v/t42.1790-2/272475069_262935359244741_5277812058958093025_n.mp4?_nc_cat=111&ccb=1-7&_nc_sid=985c63&efg=eyJ2ZW5jb2RlX3RhZyI6InN2ZV9zZCJ9&_nc_ohc=Yy-jyNd-wGcAX_zgVB3&_nc_rml=0&_nc_ht=video-sin6-1.xx&oh=00_AT-PqYPoHeswTOL8mshi26m85CeBH2c_qevQsELPWqSo3w&oe=62F83139,,,3078187465831825,,,https://scontent-sin6-3.xx.fbcdn.net/v/t15.5256-10/272695803_3078187722498466_5828096339502528707_n.jpg?stp=cp0_dst-jpg_e15_p320x320_q65&_nc_cat=104&ccb=1-7&_nc_sid=ccf8b3&_nc_ohc=Co-nR4rTQf8AX9HcLEj&_nc_ht=scontent-sin6-3.xx&oh=00_AT_UKdssyOrG-eia5aPsLXGFYkGID651ocC-3hld-PbhSw&oe=62FCBF89,,,1,0,0,https://facebook.com/gurusrilanka/posts/4954389684618132,,[],616259475097863,guru.lk,https://facebook.com/gurusrilanka/?locale2=en_US&__tn__=C-R,False,,,,,,,True,[],,,,,,616259475097863,,,[],False
16,4909486232441811,"බුදුරජාණන් වහන්සේගේ ප්‍රථම ලංකාගමනය සිදුවීමත්, සුමන සමන් දෙවියන්ගේ ඉල්ලීම මත ලාංකේය ජනයාගේ වැදුම් පිදුම් පිණිස බුදුරජාණන්වහන්සේ කේශ ධාතු මිටක් ලබාදීමත්, බිම්බිසාර රජතුමා විසින් රජගහනුවර ඉදි කරන ලද වේළුවනාරාමය බුදුන් වහන්සේ ප්‍රමුඛ මහසඟරුවනට පූජාකිරීමත් ආදී ශාසනික වශයෙන් වැදගත් සිදුවීම් සිදු වූ දුරුතු පුන් පොහොය දිනය අදයි","බුදුරජාණන් වහන්සේගේ ප්‍රථම ලංකාගමනය සිදුවීමත්, සුමන සමන් දෙවියන්ගේ ඉල්ලීම මත ලාංකේය ජනයාගේ වැදුම් පිදුම් පිණිස බුදුරජාණන්වහන්සේ කේශ ධාතු මිටක් ලබාදීමත්, බිම්බිසාර රජතුමා විසින් රජගහනුවර ඉදි කරන ලද වේළුවනාරාමය බුදුන් වහන්සේ ප්‍රමුඛ මහසඟරුවනට පූජාකිරීමත් ආදී ශාසනික වශයෙන් වැදගත් සිදුවීම් සිදු වූ දුරුතු පුන් පොහොය දිනය අදයි",,,2022-01-17 02:22:22,1642366342,https://scontent-sin6-2.xx.fbcdn.net/v/t39.30808-6/272062872_4909484679108633_2915439002816238320_n.png?_nc_cat=105&ccb=1-7&_nc_sid=8024bb&_nc_ohc=7kz8wd0Wwv0AX-qQ8pT&_nc_ht=scontent-sin6-2.xx&oh=00_AT94v5lEpD961gppQa6AglI6O6gqfoSEoJLgoOsz1RaWHQ&oe=62FC3A19,https://scontent-sin6-2.xx.fbcdn.net/v/t39.30808-6/272062872_4909484679108633_2915439002816238320_n.png?stp=dst-png_p320x320&_nc_cat=105&ccb=1-7&_nc_sid=8024bb&_nc_ohc=7kz8wd0Wwv0AX-qQ8pT&_nc_ht=scontent-sin6-2.xx&oh=00_AT-Vtm1UmVeQvA4MhR5vdqsHXgpBAajvk4GENR2njj-TKA&oe=62FC3A19,['https://scontent-sin6-2.xx.fbcdn.net/v/t39.30808-6/272062872_4909484679108633_2915439002816238320_n.png?_nc_cat=105&ccb=1-7&_nc_sid=8024bb&_nc_ohc=7kz8wd0Wwv0AX-qQ8pT&_nc_ht=scontent-sin6-2.xx&oh=00_AT94v5lEpD961gppQa6AglI6O6gqfoSEoJLgoOsz1RaWHQ&oe=62FC3A19'],['No photo description available.'],['https://scontent-sin6-2.xx.fbcdn.net/v/t39.30808-6/272062872_4909484679108633_2915439002816238320_n.png?stp=dst-png_p320x320&_nc_cat=105&ccb=1-7&_nc_sid=8024bb&_nc_ohc=7kz8wd0Wwv0AX-qQ8pT&_nc_ht=scontent-sin6-2.xx&oh=00_AT-Vtm1UmVeQvA4MhR5vdqsHXgpBAajvk4GENR2njj-TKA&oe=62FC3A19'],['No photo description available.'],,,,,,,,,,7,0,4,https://facebook.com/gurusrilanka/posts/4909486232441811,,[],616259475097863,guru.lk,https://facebook.com/gurusrilanka/?locale2=en_US&__tn__=C-R,False,,,,,,,True,[],,,,,,616259475097863,,4909484692441965,['4909484692441965'],False
17,4895273783863056,"May this Pongal brings overflowing happiness, joy, and prosperity. Happy Thai Pongal
#thaipongal2022 #festival #gurulk","May this Pongal brings overflowing happiness, joy, and prosperity. Happy Thai Pongal
#thaipongal2022 #festival #gurulk",,,2022-01-13 23:19:15,1642096155,https://scontent-sin6-2.xx.fbcdn.net/v/t39.30808-6/271814659_4895272483863186_7358355513414591002_n.jpg?stp=cp0_dst-jpg_e15_fr_q65&_nc_cat=102&ccb=1-7&_nc_sid=8024bb&_nc_ohc=BqGlQekKDrEAX-l5_rg&_nc_ht=scontent-sin6-2.xx&oh=00_AT_NGqj3m-W7PY12KV7W-dT3OGtr-cdlyfb0XE0nub8LkQ&oe=62FDD081,https://scontent-sin6-2.xx.fbcdn.net/v/t39.30808-6/271814659_4895272483863186_7358355513414591002_n.jpg?stp=cp0_dst-jpg_e15_p320x320_q65&_nc_cat=102&ccb=1-7&_nc_sid=8024bb&_nc_ohc=BqGlQekKDrEAX-l5_rg&_nc_ht=scontent-sin6-2.xx&oh=00_AT_l212EFsKRnxef1-OW_BMkveiupMcBVs3PBEsbWUN4VQ&oe=62FDD081,['https://scontent-sin6-2.xx.fbcdn.net/v/t39.30808-6/271814659_4895272483863186_7358355513414591002_n.jpg?stp=cp0_dst-jpg_e15_fr_q65&_nc_cat=102&ccb=1-7&_nc_sid=8024bb&_nc_ohc=BqGlQekKDrEAX-l5_rg&_nc_ht=scontent-sin6-2.xx&oh=00_AT_NGqj3m-W7PY12KV7W-dT3OGtr-cdlyfb0XE0nub8LkQ&oe=62FDD081'],"[""May be an image of text that says 'guru.lk Pongal Happy'""]",['https://scontent-sin6-2.xx.fbcdn.net/v/t39.30808-6/271814659_4895272483863186_7358355513414591002_n.jpg?stp=cp0_dst-jpg_e15_p320x320_q65&_nc_cat=102&ccb=1-7&_nc_sid=8024bb&_nc_ohc=BqGlQekKDrEAX-l5_rg&_nc_ht=scontent-sin6-2.xx&oh=00_AT_l212EFsKRnxef1-OW_BMkveiupMcBVs3PBEsbWUN4VQ&oe=62FDD081'],"[""May be an image of text that says 'guru.lk Pongal Happy'""]",,,,,,,,,,6,0,0,https://facebook.com/gurusrilanka/posts/4895273783863056,,"[{'link': '/hashtag/thaipongal2022?locale2=en_US&__tn__=%2As-R', 'text': '#thaipongal2022'}, {'link': '/hashtag/festival?locale2=en_US&__tn__=%2As-R', 'text': '#festival'}, {'link': '/hashtag/gurulk?locale2=en_US&__tn__=%2As-R', 'text': '#gurulk'}]",616259475097863,guru.lk,https://facebook.com/gurusrilanka/?locale2=en_US&__tn__=C-R,False,,,,,,,True,[],,,,,,616259475097863,,4895272497196518,['4895272497196518'],False
